{"cameraMode":{"drawMode":0,"name":"Shaded","section":"Shading Mode"},"sceneLighting":false,"audioPlay":false,"sceneViewState":{"showFog":true,"showMaterialUpdate":false,"showSkybox":true,"showFlares":true,"showImageEffects":true,"showParticleSystems":true},"in2DMode":false,"pivot":{"x":-3.6541666984558107,"y":8.96468734741211,"z":-30.845138549804689},"rotation":{"x":-0.07064741104841232,"y":0.9268054366111755,"z":-0.22269269824028016,"w":-0.2940216660499573},"size":4.082176208496094,"orthographic":false}