{"cameraMode":{"drawMode":0,"name":"Shaded","section":"Shading Mode"},"sceneLighting":true,"audioPlay":false,"sceneViewState":{"showFog":true,"showMaterialUpdate":false,"showSkybox":true,"showFlares":true,"showImageEffects":true,"showParticleSystems":true},"in2DMode":false,"pivot":{"x":-6.033164978027344,"y":23.3223876953125,"z":-20.633024215698243},"rotation":{"x":0.12918083369731904,"y":0.8695935606956482,"z":-0.3608211576938629,"w":0.31133174896240237},"size":10.0,"orthographic":false}