{"cameraMode":{"drawMode":0,"name":"Shaded","section":"Shading Mode"},"sceneLighting":true,"audioPlay":false,"sceneViewState":{"showFog":true,"showMaterialUpdate":false,"showSkybox":true,"showFlares":true,"showImageEffects":true,"showParticleSystems":true},"in2DMode":false,"pivot":{"x":12.644431114196778,"y":-2.5640716552734377,"z":-35.753692626953128},"rotation":{"x":0.0741972103714943,"y":0.9025631546974182,"z":-0.38726019859313967,"w":0.17292827367782594},"size":41.18828201293945,"orthographic":false}