{"cameraMode":{"drawMode":0,"name":"Shaded","section":"Shading Mode"},"sceneLighting":true,"audioPlay":false,"sceneViewState":{"showFog":true,"showMaterialUpdate":false,"showSkybox":true,"showFlares":true,"showImageEffects":true,"showParticleSystems":true},"in2DMode":false,"pivot":{"x":-1.4534839391708375,"y":8.344173431396485,"z":-33.60620880126953},"rotation":{"x":-0.00004333696051617153,"y":-0.9998295307159424,"z":0.018311044201254846,"w":-0.0023941434919834139},"size":5.882175445556641,"orthographic":false}