{"cameraMode":{"drawMode":0,"name":"Shaded","section":"Shading Mode"},"sceneLighting":false,"audioPlay":false,"sceneViewState":{"showFog":true,"showMaterialUpdate":false,"showSkybox":true,"showFlares":true,"showImageEffects":true,"showParticleSystems":true},"in2DMode":false,"pivot":{"x":-1.3550000190734864,"y":0.824999988079071,"z":-0.5709999799728394},"rotation":{"x":-0.06413029879331589,"y":0.9354014992713928,"z":-0.260704904794693,"w":-0.23009620606899262},"size":0.32558923959732058,"orthographic":false}